run_id,scenario_id,variant_id,scheduler_name,seed,metric,dimension,value,unit
core-bursty-edgeweaver-seed-1,bursty,edgeweaver,edgeweaver,1,device_utilization,edge-server,0.0,ratio
core-bursty-edgeweaver-seed-1,bursty,edgeweaver,edgeweaver,1,device_utilization,gateway,0.0,ratio
core-bursty-edgeweaver-seed-1,bursty,edgeweaver,edgeweaver,1,device_utilization,mobile,0.002921323624998513,ratio
core-bursty-edgeweaver-seed-2,bursty,edgeweaver,edgeweaver,2,device_utilization,edge-server,0.0,ratio
core-bursty-edgeweaver-seed-2,bursty,edgeweaver,edgeweaver,2,device_utilization,gateway,0.0,ratio
core-bursty-edgeweaver-seed-2,bursty,edgeweaver,edgeweaver,2,device_utilization,mobile,0.003013575949998449,ratio
core-bursty-edgeweaver-seed-3,bursty,edgeweaver,edgeweaver,3,device_utilization,edge-server,0.0,ratio
core-bursty-edgeweaver-seed-3,bursty,edgeweaver,edgeweaver,3,device_utilization,gateway,0.0,ratio
core-bursty-edgeweaver-seed-3,bursty,edgeweaver,edgeweaver,3,device_utilization,mobile,0.0027675697499986197,ratio
core-bursty-edgeweaver-seed-4,bursty,edgeweaver,edgeweaver,4,device_utilization,edge-server,0.0,ratio
core-bursty-edgeweaver-seed-4,bursty,edgeweaver,edgeweaver,4,device_utilization,gateway,0.0,ratio
core-bursty-edgeweaver-seed-4,bursty,edgeweaver,edgeweaver,4,device_utilization,mobile,0.0029520743999983095,ratio
core-bursty-edgeweaver-seed-5,bursty,edgeweaver,edgeweaver,5,device_utilization,edge-server,0.0,ratio
core-bursty-edgeweaver-seed-5,bursty,edgeweaver,edgeweaver,5,device_utilization,gateway,0.0,ratio
core-bursty-edgeweaver-seed-5,bursty,edgeweaver,edgeweaver,5,device_utilization,mobile,0.002921323624998513,ratio
ablation-bursty-edgeweaver_no_model_switching-seed-1,bursty,edgeweaver_no_model_switching,edgeweaver_no_model_switching,1,device_utilization,edge-server,0.0,ratio
ablation-bursty-edgeweaver_no_model_switching-seed-1,bursty,edgeweaver_no_model_switching,edgeweaver_no_model_switching,1,device_utilization,gateway,0.0,ratio
ablation-bursty-edgeweaver_no_model_switching-seed-1,bursty,edgeweaver_no_model_switching,edgeweaver_no_model_switching,1,device_utilization,mobile,0.002921323624998513,ratio
ablation-bursty-edgeweaver_no_model_switching-seed-2,bursty,edgeweaver_no_model_switching,edgeweaver_no_model_switching,2,device_utilization,edge-server,0.0,ratio
ablation-bursty-edgeweaver_no_model_switching-seed-2,bursty,edgeweaver_no_model_switching,edgeweaver_no_model_switching,2,device_utilization,gateway,0.0,ratio
ablation-bursty-edgeweaver_no_model_switching-seed-2,bursty,edgeweaver_no_model_switching,edgeweaver_no_model_switching,2,device_utilization,mobile,0.003013575949998449,ratio
ablation-bursty-edgeweaver_no_model_switching-seed-3,bursty,edgeweaver_no_model_switching,edgeweaver_no_model_switching,3,device_utilization,edge-server,0.0,ratio
ablation-bursty-edgeweaver_no_model_switching-seed-3,bursty,edgeweaver_no_model_switching,edgeweaver_no_model_switching,3,device_utilization,gateway,0.0,ratio
ablation-bursty-edgeweaver_no_model_switching-seed-3,bursty,edgeweaver_no_model_switching,edgeweaver_no_model_switching,3,device_utilization,mobile,0.0027675697499986197,ratio
ablation-bursty-edgeweaver_no_model_switching-seed-4,bursty,edgeweaver_no_model_switching,edgeweaver_no_model_switching,4,device_utilization,edge-server,0.0,ratio
ablation-bursty-edgeweaver_no_model_switching-seed-4,bursty,edgeweaver_no_model_switching,edgeweaver_no_model_switching,4,device_utilization,gateway,0.0,ratio
ablation-bursty-edgeweaver_no_model_switching-seed-4,bursty,edgeweaver_no_model_switching,edgeweaver_no_model_switching,4,device_utilization,mobile,0.0029520743999983095,ratio
ablation-bursty-edgeweaver_no_model_switching-seed-5,bursty,edgeweaver_no_model_switching,edgeweaver_no_model_switching,5,device_utilization,edge-server,0.0,ratio
ablation-bursty-edgeweaver_no_model_switching-seed-5,bursty,edgeweaver_no_model_switching,edgeweaver_no_model_switching,5,device_utilization,gateway,0.0,ratio
ablation-bursty-edgeweaver_no_model_switching-seed-5,bursty,edgeweaver_no_model_switching,edgeweaver_no_model_switching,5,device_utilization,mobile,0.002921323624998513,ratio
core-bursty-fastest_device-seed-1,bursty,fastest_device,fastest_device,1,device_utilization,edge-server,0.0007011176699974385,ratio
core-bursty-fastest_device-seed-1,bursty,fastest_device,fastest_device,1,device_utilization,gateway,0.0,ratio
core-bursty-fastest_device-seed-1,bursty,fastest_device,fastest_device,1,device_utilization,mobile,0.0,ratio
core-bursty-fastest_device-seed-2,bursty,fastest_device,fastest_device,2,device_utilization,edge-server,0.0007232582279977578,ratio
core-bursty-fastest_device-seed-2,bursty,fastest_device,fastest_device,2,device_utilization,gateway,0.0,ratio
core-bursty-fastest_device-seed-2,bursty,fastest_device,fastest_device,2,device_utilization,mobile,0.0,ratio
core-bursty-fastest_device-seed-3,bursty,fastest_device,fastest_device,3,device_utilization,edge-server,0.0006642167399983009,ratio
core-bursty-fastest_device-seed-3,bursty,fastest_device,fastest_device,3,device_utilization,gateway,0.0,ratio
core-bursty-fastest_device-seed-3,bursty,fastest_device,fastest_device,3,device_utilization,mobile,0.0,ratio
core-bursty-fastest_device-seed-4,bursty,fastest_device,fastest_device,4,device_utilization,edge-server,0.0007084978559976662,ratio
core-bursty-fastest_device-seed-4,bursty,fastest_device,fastest_device,4,device_utilization,gateway,0.0,ratio
core-bursty-fastest_device-seed-4,bursty,fastest_device,fastest_device,4,device_utilization,mobile,0.0,ratio
core-bursty-fastest_device-seed-5,bursty,fastest_device,fastest_device,5,device_utilization,edge-server,0.0006937374839983022,ratio
core-bursty-fastest_device-seed-5,bursty,fastest_device,fastest_device,5,device_utilization,gateway,0.0,ratio
core-bursty-fastest_device-seed-5,bursty,fastest_device,fastest_device,5,device_utilization,mobile,0.0,ratio
core-bursty-min_completion-seed-1,bursty,min_completion,min_completion,1,device_utilization,edge-server,0.0,ratio
core-bursty-min_completion-seed-1,bursty,min_completion,min_completion,1,device_utilization,gateway,0.0,ratio
core-bursty-min_completion-seed-1,bursty,min_completion,min_completion,1,device_utilization,mobile,0.002921323624998513,ratio
core-bursty-min_completion-seed-2,bursty,min_completion,min_completion,2,device_utilization,edge-server,0.0,ratio
core-bursty-min_completion-seed-2,bursty,min_completion,min_completion,2,device_utilization,gateway,0.0,ratio
core-bursty-min_completion-seed-2,bursty,min_completion,min_completion,2,device_utilization,mobile,0.003013575949998449,ratio
core-bursty-min_completion-seed-3,bursty,min_completion,min_completion,3,device_utilization,edge-server,0.0,ratio
core-bursty-min_completion-seed-3,bursty,min_completion,min_completion,3,device_utilization,gateway,0.0,ratio
core-bursty-min_completion-seed-3,bursty,min_completion,min_completion,3,device_utilization,mobile,0.0027675697499986197,ratio
core-bursty-min_completion-seed-4,bursty,min_completion,min_completion,4,device_utilization,edge-server,0.0,ratio
core-bursty-min_completion-seed-4,bursty,min_completion,min_completion,4,device_utilization,gateway,0.0,ratio
core-bursty-min_completion-seed-4,bursty,min_completion,min_completion,4,device_utilization,mobile,0.0029520743999983095,ratio
core-bursty-min_completion-seed-5,bursty,min_completion,min_completion,5,device_utilization,edge-server,0.0,ratio
core-bursty-min_completion-seed-5,bursty,min_completion,min_completion,5,device_utilization,gateway,0.0,ratio
core-bursty-min_completion-seed-5,bursty,min_completion,min_completion,5,device_utilization,mobile,0.002921323624998513,ratio
core-bursty-round_robin-seed-1,bursty,round_robin,round_robin,1,device_utilization,edge-server,0.0002287857659992369,ratio
core-bursty-round_robin-seed-1,bursty,round_robin,round_robin,1,device_utilization,gateway,0.0005116928959996585,ratio
core-bursty-round_robin-seed-1,bursty,round_robin,round_robin,1,device_utilization,mobile,0.0009840247999994972,ratio
core-bursty-round_robin-seed-2,bursty,round_robin,round_robin,2,device_utilization,edge-server,0.0002361659519992827,ratio
core-bursty-round_robin-seed-2,bursty,round_robin,round_robin,2,device_utilization,gateway,0.0005276832989997275,ratio
core-bursty-round_robin-seed-2,bursty,round_robin,round_robin,2,device_utilization,mobile,0.0010147755749994759,ratio
core-bursty-round_robin-seed-3,bursty,round_robin,round_robin,3,device_utilization,edge-server,0.000221405579999373,ratio
core-bursty-round_robin-seed-3,bursty,round_robin,round_robin,3,device_utilization,gateway,0.0004797120899997026,ratio
core-bursty-round_robin-seed-3,bursty,round_robin,round_robin,3,device_utilization,mobile,0.00092252324999954,ratio
core-bursty-round_robin-seed-4,bursty,round_robin,round_robin,4,device_utilization,edge-server,0.0002361659519991008,ratio
core-bursty-round_robin-seed-4,bursty,round_robin,round_robin,4,device_utilization,gateway,0.0005116928959996585,ratio
core-bursty-round_robin-seed-4,bursty,round_robin,round_robin,4,device_utilization,mobile,0.0009840247999994972,ratio
core-bursty-round_robin-seed-5,bursty,round_robin,round_robin,5,device_utilization,edge-server,0.0002287857659994188,ratio
core-bursty-round_robin-seed-5,bursty,round_robin,round_robin,5,device_utilization,gateway,0.0005116928959996585,ratio
core-bursty-round_robin-seed-5,bursty,round_robin,round_robin,5,device_utilization,mobile,0.0009840247999994972,ratio
core-device_slowdown-edgeweaver-seed-1,device_slowdown,edgeweaver,edgeweaver,1,device_utilization,edge-server,0.0,ratio
core-device_slowdown-edgeweaver-seed-1,device_slowdown,edgeweaver,edgeweaver,1,device_utilization,gateway,0.0,ratio
core-device_slowdown-edgeweaver-seed-1,device_slowdown,edgeweaver,edgeweaver,1,device_utilization,mobile,0.0029520743999983095,ratio
core-device_slowdown-edgeweaver-seed-2,device_slowdown,edgeweaver,edgeweaver,2,device_utilization,edge-server,0.0,ratio
core-device_slowdown-edgeweaver-seed-2,device_slowdown,edgeweaver,edgeweaver,2,device_utilization,gateway,0.0,ratio
core-device_slowdown-edgeweaver-seed-2,device_slowdown,edgeweaver,edgeweaver,2,device_utilization,mobile,0.003228831374998299,ratio
core-device_slowdown-edgeweaver-seed-3,device_slowdown,edgeweaver,edgeweaver,3,device_utilization,edge-server,0.0,ratio
core-device_slowdown-edgeweaver-seed-3,device_slowdown,edgeweaver,edgeweaver,3,device_utilization,gateway,0.0,ratio
core-device_slowdown-edgeweaver-seed-3,device_slowdown,edgeweaver,edgeweaver,3,device_utilization,mobile,0.0028905728499985343,ratio
core-device_slowdown-edgeweaver-seed-4,device_slowdown,edgeweaver,edgeweaver,4,device_utilization,edge-server,0.0,ratio
core-device_slowdown-edgeweaver-seed-4,device_slowdown,edgeweaver,edgeweaver,4,device_utilization,gateway,0.0,ratio
core-device_slowdown-edgeweaver-seed-4,device_slowdown,edgeweaver,edgeweaver,4,device_utilization,mobile,0.0029213236249983313,ratio
core-device_slowdown-edgeweaver-seed-5,device_slowdown,edgeweaver,edgeweaver,5,device_utilization,edge-server,0.0,ratio
core-device_slowdown-edgeweaver-seed-5,device_slowdown,edgeweaver,edgeweaver,5,device_utilization,gateway,0.0,ratio
core-device_slowdown-edgeweaver-seed-5,device_slowdown,edgeweaver,edgeweaver,5,device_utilization,mobile,0.0030443267249984276,ratio
ablation-device_slowdown-edgeweaver_no_online_update-seed-1,device_slowdown,edgeweaver_no_online_update,edgeweaver_no_online_update,1,device_utilization,edge-server,0.0,ratio
ablation-device_slowdown-edgeweaver_no_online_update-seed-1,device_slowdown,edgeweaver_no_online_update,edgeweaver_no_online_update,1,device_utilization,gateway,0.0,ratio
ablation-device_slowdown-edgeweaver_no_online_update-seed-1,device_slowdown,edgeweaver_no_online_update,edgeweaver_no_online_update,1,device_utilization,mobile,0.0029520743999983095,ratio
ablation-device_slowdown-edgeweaver_no_online_update-seed-2,device_slowdown,edgeweaver_no_online_update,edgeweaver_no_online_update,2,device_utilization,edge-server,0.0,ratio
ablation-device_slowdown-edgeweaver_no_online_update-seed-2,device_slowdown,edgeweaver_no_online_update,edgeweaver_no_online_update,2,device_utilization,gateway,0.0,ratio
ablation-device_slowdown-edgeweaver_no_online_update-seed-2,device_slowdown,edgeweaver_no_online_update,edgeweaver_no_online_update,2,device_utilization,mobile,0.003228831374998299,ratio
ablation-device_slowdown-edgeweaver_no_online_update-seed-3,device_slowdown,edgeweaver_no_online_update,edgeweaver_no_online_update,3,device_utilization,edge-server,0.0,ratio
ablation-device_slowdown-edgeweaver_no_online_update-seed-3,device_slowdown,edgeweaver_no_online_update,edgeweaver_no_online_update,3,device_utilization,gateway,0.0,ratio
ablation-device_slowdown-edgeweaver_no_online_update-seed-3,device_slowdown,edgeweaver_no_online_update,edgeweaver_no_online_update,3,device_utilization,mobile,0.0028905728499985343,ratio
ablation-device_slowdown-edgeweaver_no_online_update-seed-4,device_slowdown,edgeweaver_no_online_update,edgeweaver_no_online_update,4,device_utilization,edge-server,0.0,ratio
ablation-device_slowdown-edgeweaver_no_online_update-seed-4,device_slowdown,edgeweaver_no_online_update,edgeweaver_no_online_update,4,device_utilization,gateway,0.0,ratio
ablation-device_slowdown-edgeweaver_no_online_update-seed-4,device_slowdown,edgeweaver_no_online_update,edgeweaver_no_online_update,4,device_utilization,mobile,0.0029213236249983313,ratio
ablation-device_slowdown-edgeweaver_no_online_update-seed-5,device_slowdown,edgeweaver_no_online_update,edgeweaver_no_online_update,5,device_utilization,edge-server,0.0,ratio
ablation-device_slowdown-edgeweaver_no_online_update-seed-5,device_slowdown,edgeweaver_no_online_update,edgeweaver_no_online_update,5,device_utilization,gateway,0.0,ratio
ablation-device_slowdown-edgeweaver_no_online_update-seed-5,device_slowdown,edgeweaver_no_online_update,edgeweaver_no_online_update,5,device_utilization,mobile,0.0030443267249984276,ratio
core-device_slowdown-fastest_device-seed-1,device_slowdown,fastest_device,fastest_device,1,device_utilization,edge-server,0.0012324910619990988,ratio
core-device_slowdown-fastest_device-seed-1,device_slowdown,fastest_device,fastest_device,1,device_utilization,gateway,0.0,ratio
core-device_slowdown-fastest_device-seed-1,device_slowdown,fastest_device,fastest_device,1,device_utilization,mobile,0.0,ratio
core-device_slowdown-fastest_device-seed-2,device_slowdown,fastest_device,fastest_device,2,device_utilization,edge-server,0.0012915325499992833,ratio
core-device_slowdown-fastest_device-seed-2,device_slowdown,fastest_device,fastest_device,2,device_utilization,gateway,0.0,ratio
core-device_slowdown-fastest_device-seed-2,device_slowdown,fastest_device,fastest_device,2,device_utilization,mobile,0.0,ratio
core-device_slowdown-fastest_device-seed-3,device_slowdown,fastest_device,fastest_device,3,device_utilization,edge-server,0.001062746783999137,ratio
core-device_slowdown-fastest_device-seed-3,device_slowdown,fastest_device,fastest_device,3,device_utilization,gateway,0.0,ratio
core-device_slowdown-fastest_device-seed-3,device_slowdown,fastest_device,fastest_device,3,device_utilization,mobile,0.0,ratio
core-device_slowdown-fastest_device-seed-4,device_slowdown,fastest_device,fastest_device,4,device_utilization,edge-server,0.0012029703179996431,ratio
core-device_slowdown-fastest_device-seed-4,device_slowdown,fastest_device,fastest_device,4,device_utilization,gateway,0.0,ratio
core-device_slowdown-fastest_device-seed-4,device_slowdown,fastest_device,fastest_device,4,device_utilization,mobile,0.0,ratio
core-device_slowdown-fastest_device-seed-5,device_slowdown,fastest_device,fastest_device,5,device_utilization,edge-server,0.0011882099459993697,ratio
core-device_slowdown-fastest_device-seed-5,device_slowdown,fastest_device,fastest_device,5,device_utilization,gateway,0.0,ratio
core-device_slowdown-fastest_device-seed-5,device_slowdown,fastest_device,fastest_device,5,device_utilization,mobile,0.0,ratio
core-device_slowdown-min_completion-seed-1,device_slowdown,min_completion,min_completion,1,device_utilization,edge-server,0.0,ratio
core-device_slowdown-min_completion-seed-1,device_slowdown,min_completion,min_completion,1,device_utilization,gateway,0.0,ratio
core-device_slowdown-min_completion-seed-1,device_slowdown,min_completion,min_completion,1,device_utilization,mobile,0.0029520743999983095,ratio
core-device_slowdown-min_completion-seed-2,device_slowdown,min_completion,min_completion,2,device_utilization,edge-server,0.0,ratio
core-device_slowdown-min_completion-seed-2,device_slowdown,min_completion,min_completion,2,device_utilization,gateway,0.0,ratio
core-device_slowdown-min_completion-seed-2,device_slowdown,min_completion,min_completion,2,device_utilization,mobile,0.003228831374998299,ratio
core-device_slowdown-min_completion-seed-3,device_slowdown,min_completion,min_completion,3,device_utilization,edge-server,0.0,ratio
core-device_slowdown-min_completion-seed-3,device_slowdown,min_completion,min_completion,3,device_utilization,gateway,0.0,ratio
core-device_slowdown-min_completion-seed-3,device_slowdown,min_completion,min_completion,3,device_utilization,mobile,0.0028905728499985343,ratio
core-device_slowdown-min_completion-seed-4,device_slowdown,min_completion,min_completion,4,device_utilization,edge-server,0.0,ratio
core-device_slowdown-min_completion-seed-4,device_slowdown,min_completion,min_completion,4,device_utilization,gateway,0.0,ratio
core-device_slowdown-min_completion-seed-4,device_slowdown,min_completion,min_completion,4,device_utilization,mobile,0.0029213236249983313,ratio
core-device_slowdown-min_completion-seed-5,device_slowdown,min_completion,min_completion,5,device_utilization,edge-server,0.0,ratio
core-device_slowdown-min_completion-seed-5,device_slowdown,min_completion,min_completion,5,device_utilization,gateway,0.0,ratio
core-device_slowdown-min_completion-seed-5,device_slowdown,min_completion,min_completion,5,device_utilization,mobile,0.0030443267249984276,ratio
core-device_slowdown-round_robin-seed-1,device_slowdown,round_robin,round_robin,1,device_utilization,edge-server,0.00040591022999960844,ratio
core-device_slowdown-round_robin-seed-1,device_slowdown,round_robin,round_robin,1,device_utilization,gateway,0.0005116928960002042,ratio
core-device_slowdown-round_robin-seed-1,device_slowdown,round_robin,round_robin,1,device_utilization,mobile,0.0009840247999994972,ratio
core-device_slowdown-round_robin-seed-2,device_slowdown,round_robin,round_robin,2,device_utilization,edge-server,0.0004354309739997916,ratio
core-device_slowdown-round_robin-seed-2,device_slowdown,round_robin,round_robin,2,device_utilization,gateway,0.0005596641050000472,ratio
core-device_slowdown-round_robin-seed-2,device_slowdown,round_robin,round_robin,2,device_utilization,mobile,0.001076277124999433,ratio
core-device_slowdown-round_robin-seed-3,device_slowdown,round_robin,round_robin,3,device_utilization,edge-server,0.00036162911399969746,ratio
core-device_slowdown-round_robin-seed-3,device_slowdown,round_robin,round_robin,3,device_utilization,gateway,0.0004957024929999534,ratio
core-device_slowdown-round_robin-seed-3,device_slowdown,round_robin,round_robin,3,device_utilization,mobile,0.0009840247999994972,ratio
core-device_slowdown-round_robin-seed-4,device_slowdown,round_robin,round_robin,4,device_utilization,edge-server,0.00039114985799988065,ratio
core-device_slowdown-round_robin-seed-4,device_slowdown,round_robin,round_robin,4,device_utilization,gateway,0.0005116928960003861,ratio
core-device_slowdown-round_robin-seed-4,device_slowdown,round_robin,round_robin,4,device_utilization,mobile,0.0009840247999994972,ratio
core-device_slowdown-round_robin-seed-5,device_slowdown,round_robin,round_robin,5,device_utilization,edge-server,0.00039114985799988065,ratio
core-device_slowdown-round_robin-seed-5,device_slowdown,round_robin,round_robin,5,device_utilization,gateway,0.0005276832990000912,ratio
core-device_slowdown-round_robin-seed-5,device_slowdown,round_robin,round_robin,5,device_utilization,mobile,0.0010147755749994759,ratio
core-network_slowdown-edgeweaver-seed-1,network_slowdown,edgeweaver,edgeweaver,1,device_utilization,edge-server,0.0,ratio
core-network_slowdown-edgeweaver-seed-1,network_slowdown,edgeweaver,edgeweaver,1,device_utilization,gateway,0.0,ratio
core-network_slowdown-edgeweaver-seed-1,network_slowdown,edgeweaver,edgeweaver,1,device_utilization,mobile,0.002152554249998866,ratio
core-network_slowdown-edgeweaver-seed-2,network_slowdown,edgeweaver,edgeweaver,2,device_utilization,edge-server,0.0,ratio
core-network_slowdown-edgeweaver-seed-2,network_slowdown,edgeweaver,edgeweaver,2,device_utilization,gateway,0.0,ratio
core-network_slowdown-edgeweaver-seed-2,network_slowdown,edgeweaver,edgeweaver,2,device_utilization,mobile,0.0025215635499986093,ratio
core-network_slowdown-edgeweaver-seed-3,network_slowdown,edgeweaver,edgeweaver,3,device_utilization,edge-server,0.0,ratio
core-network_slowdown-edgeweaver-seed-3,network_slowdown,edgeweaver,edgeweaver,3,device_utilization,gateway,0.0,ratio
core-network_slowdown-edgeweaver-seed-3,network_slowdown,edgeweaver,edgeweaver,3,device_utilization,mobile,0.0023985604499986947,ratio
core-network_slowdown-edgeweaver-seed-4,network_slowdown,edgeweaver,edgeweaver,4,device_utilization,edge-server,0.0,ratio
core-network_slowdown-edgeweaver-seed-4,network_slowdown,edgeweaver,edgeweaver,4,device_utilization,gateway,0.0,ratio
core-network_slowdown-edgeweaver-seed-4,network_slowdown,edgeweaver,edgeweaver,4,device_utilization,mobile,0.0020295511499989517,ratio
core-network_slowdown-edgeweaver-seed-5,network_slowdown,edgeweaver,edgeweaver,5,device_utilization,edge-server,0.0,ratio
core-network_slowdown-edgeweaver-seed-5,network_slowdown,edgeweaver,edgeweaver,5,device_utilization,gateway,0.0,ratio
core-network_slowdown-edgeweaver-seed-5,network_slowdown,edgeweaver,edgeweaver,5,device_utilization,mobile,0.002460061999998652,ratio
core-network_slowdown-fastest_device-seed-1,network_slowdown,fastest_device,fastest_device,1,device_utilization,edge-server,0.0005166130199993859,ratio
core-network_slowdown-fastest_device-seed-1,network_slowdown,fastest_device,fastest_device,1,device_utilization,gateway,0.0,ratio
core-network_slowdown-fastest_device-seed-1,network_slowdown,fastest_device,fastest_device,1,device_utilization,mobile,0.0,ratio
core-network_slowdown-fastest_device-seed-2,network_slowdown,fastest_device,fastest_device,2,device_utilization,edge-server,0.000605175251998844,ratio
core-network_slowdown-fastest_device-seed-2,network_slowdown,fastest_device,fastest_device,2,device_utilization,gateway,0.0,ratio
core-network_slowdown-fastest_device-seed-2,network_slowdown,fastest_device,fastest_device,2,device_utilization,mobile,0.0,ratio
core-network_slowdown-fastest_device-seed-3,network_slowdown,fastest_device,fastest_device,3,device_utilization,edge-server,0.0005682743219998884,ratio
core-network_slowdown-fastest_device-seed-3,network_slowdown,fastest_device,fastest_device,3,device_utilization,gateway,0.0,ratio
core-network_slowdown-fastest_device-seed-3,network_slowdown,fastest_device,fastest_device,3,device_utilization,mobile,0.0,ratio
core-network_slowdown-fastest_device-seed-4,network_slowdown,fastest_device,fastest_device,4,device_utilization,edge-server,0.00048709227599920266,ratio
core-network_slowdown-fastest_device-seed-4,network_slowdown,fastest_device,fastest_device,4,device_utilization,gateway,0.0,ratio
core-network_slowdown-fastest_device-seed-4,network_slowdown,fastest_device,fastest_device,4,device_utilization,mobile,0.0,ratio
core-network_slowdown-fastest_device-seed-5,network_slowdown,fastest_device,fastest_device,5,device_utilization,edge-server,0.0005904148799987524,ratio
core-network_slowdown-fastest_device-seed-5,network_slowdown,fastest_device,fastest_device,5,device_utilization,gateway,0.0,ratio
core-network_slowdown-fastest_device-seed-5,network_slowdown,fastest_device,fastest_device,5,device_utilization,mobile,0.0,ratio
core-network_slowdown-min_completion-seed-1,network_slowdown,min_completion,min_completion,1,device_utilization,edge-server,0.0,ratio
core-network_slowdown-min_completion-seed-1,network_slowdown,min_completion,min_completion,1,device_utilization,gateway,0.0,ratio
core-network_slowdown-min_completion-seed-1,network_slowdown,min_completion,min_completion,1,device_utilization,mobile,0.002152554249998866,ratio
core-network_slowdown-min_completion-seed-2,network_slowdown,min_completion,min_completion,2,device_utilization,edge-server,0.0,ratio
core-network_slowdown-min_completion-seed-2,network_slowdown,min_completion,min_completion,2,device_utilization,gateway,0.0,ratio
core-network_slowdown-min_completion-seed-2,network_slowdown,min_completion,min_completion,2,device_utilization,mobile,0.0025215635499986093,ratio
core-network_slowdown-min_completion-seed-3,network_slowdown,min_completion,min_completion,3,device_utilization,edge-server,0.0,ratio
core-network_slowdown-min_completion-seed-3,network_slowdown,min_completion,min_completion,3,device_utilization,gateway,0.0,ratio
core-network_slowdown-min_completion-seed-3,network_slowdown,min_completion,min_completion,3,device_utilization,mobile,0.0023985604499986947,ratio
core-network_slowdown-min_completion-seed-4,network_slowdown,min_completion,min_completion,4,device_utilization,edge-server,0.0,ratio
core-network_slowdown-min_completion-seed-4,network_slowdown,min_completion,min_completion,4,device_utilization,gateway,0.0,ratio
core-network_slowdown-min_completion-seed-4,network_slowdown,min_completion,min_completion,4,device_utilization,mobile,0.0020295511499989517,ratio
core-network_slowdown-min_completion-seed-5,network_slowdown,min_completion,min_completion,5,device_utilization,edge-server,0.0,ratio
core-network_slowdown-min_completion-seed-5,network_slowdown,min_completion,min_completion,5,device_utilization,gateway,0.0,ratio
core-network_slowdown-min_completion-seed-5,network_slowdown,min_completion,min_completion,5,device_utilization,mobile,0.002460061999998652,ratio
core-network_slowdown-round_robin-seed-1,network_slowdown,round_robin,round_robin,1,device_utilization,edge-server,0.00016974427799978004,ratio
core-network_slowdown-round_robin-seed-1,network_slowdown,round_robin,round_robin,1,device_utilization,gateway,0.0003677792689999478,ratio
core-network_slowdown-round_robin-seed-1,network_slowdown,round_robin,round_robin,1,device_utilization,mobile,0.0007380185999996683,ratio
core-network_slowdown-round_robin-seed-2,network_slowdown,round_robin,round_robin,2,device_utilization,edge-server,0.00019926502199959942,ratio
core-network_slowdown-round_robin-seed-2,network_slowdown,round_robin,round_robin,2,device_utilization,gateway,0.00043174088099985966,ratio
core-network_slowdown-round_robin-seed-2,network_slowdown,round_robin,round_robin,2,device_utilization,mobile,0.0008610216999995828,ratio
core-network_slowdown-round_robin-seed-3,network_slowdown,round_robin,round_robin,3,device_utilization,edge-server,0.0001845046500000535,ratio
core-network_slowdown-round_robin-seed-3,network_slowdown,round_robin,round_robin,3,device_utilization,gateway,0.00041575047800015454,ratio
core-network_slowdown-round_robin-seed-3,network_slowdown,round_robin,round_robin,3,device_utilization,mobile,0.0007995201499996255,ratio
core-network_slowdown-round_robin-seed-4,network_slowdown,round_robin,round_robin,4,device_utilization,edge-server,0.00016236409199973424,ratio
core-network_slowdown-round_robin-seed-4,network_slowdown,round_robin,round_robin,4,device_utilization,gateway,0.0003517888659998789,ratio
core-network_slowdown-round_robin-seed-4,network_slowdown,round_robin,round_robin,4,device_utilization,mobile,0.0006765170499997111,ratio
core-network_slowdown-round_robin-seed-5,network_slowdown,round_robin,round_robin,5,device_utilization,edge-server,0.00019188483599955362,ratio
core-network_slowdown-round_robin-seed-5,network_slowdown,round_robin,round_robin,5,device_utilization,gateway,0.00043174088099985966,ratio
core-network_slowdown-round_robin-seed-5,network_slowdown,round_robin,round_robin,5,device_utilization,mobile,0.0008302709249996042,ratio
core-normal-edgeweaver-seed-1,normal,edgeweaver,edgeweaver,1,device_utilization,edge-server,0.0,ratio
core-normal-edgeweaver-seed-1,normal,edgeweaver,edgeweaver,1,device_utilization,gateway,0.0,ratio
core-normal-edgeweaver-seed-1,normal,edgeweaver,edgeweaver,1,device_utilization,mobile,0.002152554249998866,ratio
core-normal-edgeweaver-seed-2,normal,edgeweaver,edgeweaver,2,device_utilization,edge-server,0.0,ratio
core-normal-edgeweaver-seed-2,normal,edgeweaver,edgeweaver,2,device_utilization,gateway,0.0,ratio
core-normal-edgeweaver-seed-2,normal,edgeweaver,edgeweaver,2,device_utilization,mobile,0.0025215635499986093,ratio
core-normal-edgeweaver-seed-3,normal,edgeweaver,edgeweaver,3,device_utilization,edge-server,0.0,ratio
core-normal-edgeweaver-seed-3,normal,edgeweaver,edgeweaver,3,device_utilization,gateway,0.0,ratio
core-normal-edgeweaver-seed-3,normal,edgeweaver,edgeweaver,3,device_utilization,mobile,0.0023985604499986947,ratio
core-normal-edgeweaver-seed-4,normal,edgeweaver,edgeweaver,4,device_utilization,edge-server,0.0,ratio
core-normal-edgeweaver-seed-4,normal,edgeweaver,edgeweaver,4,device_utilization,gateway,0.0,ratio
core-normal-edgeweaver-seed-4,normal,edgeweaver,edgeweaver,4,device_utilization,mobile,0.0020295511499989517,ratio
core-normal-edgeweaver-seed-5,normal,edgeweaver,edgeweaver,5,device_utilization,edge-server,0.0,ratio
core-normal-edgeweaver-seed-5,normal,edgeweaver,edgeweaver,5,device_utilization,gateway,0.0,ratio
core-normal-edgeweaver-seed-5,normal,edgeweaver,edgeweaver,5,device_utilization,mobile,0.002460061999998652,ratio
core-normal-fastest_device-seed-1,normal,fastest_device,fastest_device,1,device_utilization,edge-server,0.0005166130199993859,ratio
core-normal-fastest_device-seed-1,normal,fastest_device,fastest_device,1,device_utilization,gateway,0.0,ratio
core-normal-fastest_device-seed-1,normal,fastest_device,fastest_device,1,device_utilization,mobile,0.0,ratio
core-normal-fastest_device-seed-2,normal,fastest_device,fastest_device,2,device_utilization,edge-server,0.000605175251998844,ratio
core-normal-fastest_device-seed-2,normal,fastest_device,fastest_device,2,device_utilization,gateway,0.0,ratio
core-normal-fastest_device-seed-2,normal,fastest_device,fastest_device,2,device_utilization,mobile,0.0,ratio
core-normal-fastest_device-seed-3,normal,fastest_device,fastest_device,3,device_utilization,edge-server,0.0005682743219998884,ratio
core-normal-fastest_device-seed-3,normal,fastest_device,fastest_device,3,device_utilization,gateway,0.0,ratio
core-normal-fastest_device-seed-3,normal,fastest_device,fastest_device,3,device_utilization,mobile,0.0,ratio
core-normal-fastest_device-seed-4,normal,fastest_device,fastest_device,4,device_utilization,edge-server,0.00048709227599920266,ratio
core-normal-fastest_device-seed-4,normal,fastest_device,fastest_device,4,device_utilization,gateway,0.0,ratio
core-normal-fastest_device-seed-4,normal,fastest_device,fastest_device,4,device_utilization,mobile,0.0,ratio
core-normal-fastest_device-seed-5,normal,fastest_device,fastest_device,5,device_utilization,edge-server,0.0005904148799987524,ratio
core-normal-fastest_device-seed-5,normal,fastest_device,fastest_device,5,device_utilization,gateway,0.0,ratio
core-normal-fastest_device-seed-5,normal,fastest_device,fastest_device,5,device_utilization,mobile,0.0,ratio
core-normal-min_completion-seed-1,normal,min_completion,min_completion,1,device_utilization,edge-server,0.0,ratio
core-normal-min_completion-seed-1,normal,min_completion,min_completion,1,device_utilization,gateway,0.0,ratio
core-normal-min_completion-seed-1,normal,min_completion,min_completion,1,device_utilization,mobile,0.002152554249998866,ratio
core-normal-min_completion-seed-2,normal,min_completion,min_completion,2,device_utilization,edge-server,0.0,ratio
core-normal-min_completion-seed-2,normal,min_completion,min_completion,2,device_utilization,gateway,0.0,ratio
core-normal-min_completion-seed-2,normal,min_completion,min_completion,2,device_utilization,mobile,0.0025215635499986093,ratio
core-normal-min_completion-seed-3,normal,min_completion,min_completion,3,device_utilization,edge-server,0.0,ratio
core-normal-min_completion-seed-3,normal,min_completion,min_completion,3,device_utilization,gateway,0.0,ratio
core-normal-min_completion-seed-3,normal,min_completion,min_completion,3,device_utilization,mobile,0.0023985604499986947,ratio
core-normal-min_completion-seed-4,normal,min_completion,min_completion,4,device_utilization,edge-server,0.0,ratio
core-normal-min_completion-seed-4,normal,min_completion,min_completion,4,device_utilization,gateway,0.0,ratio
core-normal-min_completion-seed-4,normal,min_completion,min_completion,4,device_utilization,mobile,0.0020295511499989517,ratio
core-normal-min_completion-seed-5,normal,min_completion,min_completion,5,device_utilization,edge-server,0.0,ratio
core-normal-min_completion-seed-5,normal,min_completion,min_completion,5,device_utilization,gateway,0.0,ratio
core-normal-min_completion-seed-5,normal,min_completion,min_completion,5,device_utilization,mobile,0.002460061999998652,ratio
core-normal-round_robin-seed-1,normal,round_robin,round_robin,1,device_utilization,edge-server,0.00016974427799978004,ratio
core-normal-round_robin-seed-1,normal,round_robin,round_robin,1,device_utilization,gateway,0.0003677792689999478,ratio
core-normal-round_robin-seed-1,normal,round_robin,round_robin,1,device_utilization,mobile,0.0007380185999996683,ratio
core-normal-round_robin-seed-2,normal,round_robin,round_robin,2,device_utilization,edge-server,0.00019926502199959942,ratio
core-normal-round_robin-seed-2,normal,round_robin,round_robin,2,device_utilization,gateway,0.00043174088099985966,ratio
core-normal-round_robin-seed-2,normal,round_robin,round_robin,2,device_utilization,mobile,0.0008610216999995828,ratio
core-normal-round_robin-seed-3,normal,round_robin,round_robin,3,device_utilization,edge-server,0.0001845046500000535,ratio
core-normal-round_robin-seed-3,normal,round_robin,round_robin,3,device_utilization,gateway,0.00041575047800015454,ratio
core-normal-round_robin-seed-3,normal,round_robin,round_robin,3,device_utilization,mobile,0.0007995201499996255,ratio
core-normal-round_robin-seed-4,normal,round_robin,round_robin,4,device_utilization,edge-server,0.00016236409199973424,ratio
core-normal-round_robin-seed-4,normal,round_robin,round_robin,4,device_utilization,gateway,0.0003517888659998789,ratio
core-normal-round_robin-seed-4,normal,round_robin,round_robin,4,device_utilization,mobile,0.0006765170499997111,ratio
core-normal-round_robin-seed-5,normal,round_robin,round_robin,5,device_utilization,edge-server,0.00019188483599955362,ratio
core-normal-round_robin-seed-5,normal,round_robin,round_robin,5,device_utilization,gateway,0.00043174088099985966,ratio
core-normal-round_robin-seed-5,normal,round_robin,round_robin,5,device_utilization,mobile,0.0008302709249996042,ratio
